﻿Name,Latitude,Longitude
Your Location,,
YYJ,48.65255013,-123.4297931
Swartz Bay,48.68812438,-123.4146051
PKOLS,48.49348443,-123.3422378
Royal BC Museum,48.42113463,-123.3673963
Royal Jubilee Hospital,48.43386085,-123.3275827
UVIC Exchange,48.4661241,-123.3088589
Beacon Hill Park,48.408105,-123.358701
Hillside Centre,48.44752084,-123.334211
Victoria General,48.46851697,-123.433163
Costco,48.45945001,-123.5020806
Swan Lake,48.46571279,-123.3738345
Equimalt Park,48.44578699,-123.4038815
Elk/Beaver Lake,48.52467723,-123.3920731
Willows Beach,48.43352245,-123.3040446
